ubTfWThEjf@ya.ru,REPLACE,2025-05-13,16:16:18
iuKvcuWfHI@ya.ru,ALTER,2025-05-13,16:16:18
veuuXOcCaC@gmail.com,READ,2025-05-13,16:16:18
pHkurLmGiB@yahoo.com,RENAME,2025-05-13,16:16:18
DOkwGzBUNa@yandex.ru,DELETE,2025-05-13,16:16:18
JCfEVEZYqe@gmail.com,UPDATE,2025-05-13,16:16:18
JCfEVEZYqe@gmail.com,GRANT,2025-05-13,16:16:18
vqLSmxwyfg@gmail.com,READ,2025-05-13,16:16:18
doCrOsgMVe@yahoo.com,ALTER,2025-05-13,16:16:18
veuuXOcCaC@gmail.com,REVOKE,2025-05-13,16:16:18
iuKvcuWfHI@mail.ru,DROP,2025-05-13,16:16:18
uBNDzgYnrg@yahoo.com,GRANT,2025-05-13,16:16:18
XAkfvGvVrN@gmail.com,DELETE,2025-05-13,16:16:18
DOkwGzBUNa@yahoo.com,SELECT,2025-05-13,16:16:18
dWpAhlghvY@yandex.ru,ALTER,2025-05-13,16:16:18
FSCiKOXCBw@mail.ru,DELETE,2025-05-13,16:16:18
FSCiKOXCBw@yahoo.com,INSERT,2025-05-13,16:16:18
iTOXxVmSFd@yahoo.com,UPDATE,2025-05-13,16:16:18
YGzWPVCzOB@gmail.com,INSERT,2025-05-13,16:16:18
nFgaYWEzjH@yahoo.com,DELETE,2025-05-13,16:16:18
HCVtCqmMCq@gmail.com,GRANT,2025-05-13,16:16:18
hJdyrKQhdR@mail.ru,REVOKE,2025-05-13,16:16:18
VMloeragcS@ya.ru,REVOKE,2025-05-13,16:16:18
JCfEVEZYqe@yandex.ru,TRUNCATE,2025-05-13,16:16:18
hJdyrKQhdR@gmail.com,TRUNCATE,2025-05-13,16:16:18
wEnavTgRPf@gmail.com,GRANT,2025-05-13,16:16:18
JCfEVEZYqe@mail.ru,SELECT,2025-05-13,16:16:18
SqRsuuFvfc@ya.ru,DROP,2025-05-13,16:16:18
nFgaYWEzjH@mail.ru,DELETE,2025-05-13,16:16:18
veuuXOcCaC@ya.ru,UPDATE,2025-05-13,16:16:18
UUHAjctrFE@yahoo.com,INSERT,2025-05-13,16:16:18
JCfEVEZYqe@yandex.ru,REVOKE,2025-05-13,16:16:18
nFgaYWEzjH@ya.ru,DROP,2025-05-13,16:16:18
pHkurLmGiB@ya.ru,SELECT,2025-05-13,16:16:18
duLaGRehYh@mail.ru,RENAME,2025-05-13,16:16:18
JCfEVEZYqe@mail.ru,CREATE,2025-05-13,16:16:18
FkCuUxSmXq@yahoo.com,DELETE,2025-05-13,16:16:18
hJdyrKQhdR@yahoo.com,READ,2025-05-13,16:16:18
EpzyUAAnjT@gmail.com,INSERT,2025-05-13,16:16:18
hJdyrKQhdR@mail.ru,SELECT,2025-05-13,16:16:18
vqLSmxwyfg@ya.ru,SELECT,2025-05-13,16:16:18
AfasLThLno@gmail.com,DELETE,2025-05-13,16:16:18
xDbrAyDmdt@mail.ru,SELECT,2025-05-13,16:16:18
cDxhszCsSh@ya.ru,DROP,2025-05-13,16:16:18
IzrbkqkXkh@ya.ru,DELETE,2025-05-13,16:16:18
hJdyrKQhdR@yandex.ru,RENAME,2025-05-13,16:16:18
nFgaYWEzjH@yahoo.com,RENAME,2025-05-13,16:16:18
pHkurLmGiB@yandex.ru,RENAME,2025-05-13,16:16:18
ubTfWThEjf@ya.ru,REPLACE,2025-05-13,16:16:18
FUnrIdlODU@yandex.ru,RENAME,2025-05-13,16:16:18
wEnavTgRPf@yahoo.com,SELECT,2025-05-13,16:16:18
JZVnwvgxEo@yandex.ru,UPDATE,2025-05-13,16:16:18
LfXAOGnJIb@gmail.com,TRUNCATE,2025-05-13,16:16:18
doCrOsgMVe@yahoo.com,ALTER,2025-05-13,16:16:18
pHkurLmGiB@yandex.ru,UPDATE,2025-05-13,16:16:18
onthVBvedn@mail.ru,TRUNCATE,2025-05-13,16:16:18
FpTvoPnfmi@mail.ru,READ,2025-05-13,16:16:18
FpTvoPnfmi@yandex.ru,ALTER,2025-05-13,16:16:18
IzrbkqkXkh@yahoo.com,CREATE,2025-05-13,16:16:18
SqRsuuFvfc@mail.ru,UPDATE,2025-05-13,16:16:18
YcdnBFMuPo@yandex.ru,ALTER,2025-05-13,16:16:18
kpxeJlbbdG@gmail.com,DROP,2025-05-13,16:16:18
JZVnwvgxEo@yandex.ru,REPLACE,2025-05-13,16:16:18
HCVtCqmMCq@ya.ru,REPLACE,2025-05-13,16:16:18
veuuXOcCaC@ya.ru,DELETE,2025-05-13,16:16:18
XBrvWgbyRO@yandex.ru,INSERT,2025-05-13,16:16:18
DOkwGzBUNa@yahoo.com,INSERT,2025-05-13,16:16:18
sugFTaFHAo@mail.ru,DROP,2025-05-13,16:16:18
QBJHqdvRkK@yahoo.com,CREATE,2025-05-13,16:16:18
EpzyUAAnjT@ya.ru,REVOKE,2025-05-13,16:16:18
nFgaYWEzjH@yahoo.com,TRUNCATE,2025-05-13,16:16:18
AfasLThLno@mail.ru,REVOKE,2025-05-13,16:16:18
hJdyrKQhdR@mail.ru,SELECT,2025-05-13,16:16:18
doCrOsgMVe@yahoo.com,RENAME,2025-05-13,16:16:18
YZwQoreNbO@ya.ru,REVOKE,2025-05-13,16:16:18
YcdnBFMuPo@yahoo.com,DELETE,2025-05-13,16:16:18
FUnrIdlODU@ya.ru,REVOKE,2025-05-13,16:16:18
YZwQoreNbO@yahoo.com,RENAME,2025-05-13,16:16:18
FSCiKOXCBw@ya.ru,RENAME,2025-05-13,16:16:18
YGzWPVCzOB@mail.ru,REVOKE,2025-05-13,16:16:18
pHkurLmGiB@yahoo.com,GRANT,2025-05-13,16:16:18
cDxhszCsSh@mail.ru,DROP,2025-05-13,16:16:18
FpTvoPnfmi@yandex.ru,INSERT,2025-05-13,16:16:18
HCVtCqmMCq@ya.ru,DROP,2025-05-13,16:16:18
gwhRyUqwui@gmail.com,CREATE,2025-05-13,16:16:18
doCrOsgMVe@ya.ru,REPLACE,2025-05-13,16:16:18
sugFTaFHAo@yandex.ru,DELETE,2025-05-13,16:16:18
gwhRyUqwui@gmail.com,UPDATE,2025-05-13,16:16:18
kpxeJlbbdG@yandex.ru,GRANT,2025-05-13,16:16:18
FpTvoPnfmi@gmail.com,CREATE,2025-05-13,16:16:18
duLaGRehYh@ya.ru,CREATE,2025-05-13,16:16:18
SqRsuuFvfc@yandex.ru,REPLACE,2025-05-13,16:16:18
